<?xml version="1.0" encoding="UTF-8"?>
<!DOCTYPE plist PUBLIC "-//Apple//DTD PLIST 1.0//EN" "http://www.apple.com/DTDs/PropertyList-1.0.dtd">
<plist version="1.0">
<dict>
	<key>author</key>
	<string></string>
	<key>comments</key>
	<string></string>
	<key>isUsingConstrainedLayout</key>
	<false/>
	<key>keywords</key>
	<string></string>
	<key>mindMap</key>
	<dict>
		<key>associations</key>
		<array/>
		<key>color</key>
		<string>{1.000, 1.000, 1.000, 1.000}</string>
		<key>mainNodes</key>
		<array>
			<dict>
				<key>contentAlignment</key>
				<integer>1</integer>
				<key>fillColor</key>
				<string>{1.000, 1.000, 1.000, 1.000}</string>
				<key>isDecreasingBranchThickness</key>
				<true/>
				<key>isDrawingFill</key>
				<true/>
				<key>isLeftAligned</key>
				<false/>
				<key>location</key>
				<string>{38.52734375, -8.66015625}</string>
				<key>nodeID</key>
				<string>1C558403-C5C2-42B0-A423-B7B51B665178</string>
				<key>strokeColor</key>
				<string>{0.500, 0.500, 0.500, 1.000}</string>
				<key>strokeStyle</key>
				<integer>0</integer>
				<key>strokeWidth</key>
				<real>2</real>
				<key>subnodes</key>
				<array>
					<dict>
						<key>contentAlignment</key>
						<integer>1</integer>
						<key>fillColor</key>
						<string>{1.000, 1.000, 1.000, 1.000}</string>
						<key>isDecreasingBranchThickness</key>
						<true/>
						<key>isDrawingFill</key>
						<false/>
						<key>isLeftAligned</key>
						<false/>
						<key>location</key>
						<string>{184.52734375, -99.66015625}</string>
						<key>nodeID</key>
						<string>8B79DBBD-2160-4D13-A820-EAF66F3969CD</string>
						<key>strokeColor</key>
						<string>{1.000, 0.800, 0.400, 1.000}</string>
						<key>strokeStyle</key>
						<integer>0</integer>
						<key>strokeWidth</key>
						<real>6</real>
						<key>subnodes</key>
						<array/>
						<key>title</key>
						<dict>
							<key>constrainedWidth</key>
							<integer>300</integer>
							<key>htmlText</key>
							<string>&lt;p style='color: rgba(0, 0, 0, 1.000000); font: 14px "FZLanTingHeiS-R-GB"; -cocoa-font-postscriptname: "FZLTHJW--GB1-0"; '&gt;注册接口 POST /api/accounts 手机号/邮箱+密码/微信 -&amp;gt; Account 信息&lt;/p&gt;</string>
							<key>shrinkToFitContent</key>
							<integer>1</integer>
							<key>text</key>
							<string>{\rtf1\ansi\ansicpg936\cocoartf1348\cocoasubrtf170
{\fonttbl\f0\fnil\fcharset0 FZLTHJW--GB1-0;}
{\colortbl;\red255\green255\blue255;}
\pard\tx560\tx1120\tx1680\tx2240\tx2800\tx3360\tx3920\tx4480\tx5040\tx5600\tx6160\tx6720\pardirnatural

\f0\fs28 \cf0 \uc0\u27880 \u20876 \u25509 \u21475  POST /api/accounts \u25163 \u26426 \u21495 /\u37038 \u31665 +\u23494 \u30721 /\u24494 \u20449  -&gt; Account \u20449 \u24687 }</string>
						</dict>
					</dict>
					<dict>
						<key>contentAlignment</key>
						<integer>1</integer>
						<key>fillColor</key>
						<string>{1.000, 1.000, 1.000, 1.000}</string>
						<key>isDecreasingBranchThickness</key>
						<true/>
						<key>isDrawingFill</key>
						<false/>
						<key>isLeftAligned</key>
						<false/>
						<key>location</key>
						<string>{190.70703125, -27.59765625}</string>
						<key>nodeID</key>
						<string>3D53B0CB-32B0-4CD1-A5F6-92B449DD840B</string>
						<key>strokeColor</key>
						<string>{0.800, 1.000, 0.400, 1.000}</string>
						<key>strokeStyle</key>
						<integer>0</integer>
						<key>strokeWidth</key>
						<real>6</real>
						<key>subnodes</key>
						<array/>
						<key>title</key>
						<dict>
							<key>constrainedWidth</key>
							<integer>300</integer>
							<key>htmlText</key>
							<string>&lt;p style='color: rgba(0, 0, 0, 1.000000); font: 14px "FZLanTingHeiS-R-GB"; -cocoa-font-postscriptname: "FZLTHJW--GB1-0"; '&gt;验证接口 POST /api/validates/(mobile/email) 手机号/邮箱+密码 -&amp;gt; Account 信息&lt;/p&gt;</string>
							<key>shrinkToFitContent</key>
							<integer>1</integer>
							<key>text</key>
							<string>{\rtf1\ansi\ansicpg936\cocoartf1348\cocoasubrtf170
{\fonttbl\f0\fnil\fcharset0 FZLTHJW--GB1-0;}
{\colortbl;\red255\green255\blue255;}
\pard\tx560\tx1120\tx1680\tx2240\tx2800\tx3360\tx3920\tx4480\tx5040\tx5600\tx6160\tx6720\pardirnatural

\f0\fs28 \cf0 \uc0\u39564 \u35777 \u25509 \u21475  POST /api/validates/(mobile/email) \u25163 \u26426 \u21495 /\u37038 \u31665 +\u23494 \u30721  -&gt; Account \u20449 \u24687 }</string>
						</dict>
					</dict>
					<dict>
						<key>contentAlignment</key>
						<integer>1</integer>
						<key>fillColor</key>
						<string>{1.000, 1.000, 1.000, 1.000}</string>
						<key>isDecreasingBranchThickness</key>
						<true/>
						<key>isDrawingFill</key>
						<false/>
						<key>isLeftAligned</key>
						<false/>
						<key>location</key>
						<string>{217.63671875, 63.234375}</string>
						<key>nodeID</key>
						<string>2EFDFFC1-B71F-43EB-A449-C47E14981D4A</string>
						<key>strokeColor</key>
						<string>{0.400, 1.000, 0.800, 1.000}</string>
						<key>strokeStyle</key>
						<integer>0</integer>
						<key>strokeWidth</key>
						<real>6</real>
						<key>subnodes</key>
						<array/>
						<key>title</key>
						<dict>
							<key>constrainedWidth</key>
							<integer>300</integer>
							<key>htmlText</key>
							<string>&lt;p style='color: rgba(0, 0, 0, 1.000000); font: 14px "FZLanTingHeiS-R-GB"; -cocoa-font-postscriptname: "FZLTHJW--GB1-0"; '&gt;读取已授权账号列表 account&lt;/p&gt;</string>
							<key>shrinkToFitContent</key>
							<integer>1</integer>
							<key>text</key>
							<string>{\rtf1\ansi\ansicpg936\cocoartf1348\cocoasubrtf170
{\fonttbl\f0\fnil\fcharset0 FZLTHJW--GB1-0;}
{\colortbl;\red255\green255\blue255;}
\pard\tx560\tx1120\tx1680\tx2240\tx2800\tx3360\tx3920\tx4480\tx5040\tx5600\tx6160\tx6720\pardirnatural

\f0\fs28 \cf0 \uc0\u35835 \u21462 \u24050 \u25480 \u26435 \u36134 \u21495 \u21015 \u34920  account}</string>
						</dict>
					</dict>
					<dict>
						<key>contentAlignment</key>
						<integer>1</integer>
						<key>fillColor</key>
						<string>{1.000, 1.000, 1.000, 1.000}</string>
						<key>isDecreasingBranchThickness</key>
						<true/>
						<key>isDrawingFill</key>
						<false/>
						<key>isLeftAligned</key>
						<true/>
						<key>location</key>
						<string>{-229.47265625, -99.66015625}</string>
						<key>nodeID</key>
						<string>3B689063-980D-49AB-AC12-5E159C7BA78F</string>
						<key>strokeColor</key>
						<string>{0.400, 0.800, 1.000, 1.000}</string>
						<key>strokeStyle</key>
						<integer>0</integer>
						<key>strokeWidth</key>
						<real>6</real>
						<key>subnodes</key>
						<array/>
						<key>title</key>
						<dict>
							<key>constrainedWidth</key>
							<integer>300</integer>
							<key>htmlText</key>
							<string>&lt;p style='color: rgba(0, 0, 0, 1.000000); font: 14px "FZLanTingHeiS-R-GB"; -cocoa-font-postscriptname: "FZLTHJW--GB1-0"; '&gt;提供 uid 和签名作为唯一识别码&lt;/p&gt;</string>
							<key>shrinkToFitContent</key>
							<integer>1</integer>
							<key>text</key>
							<string>{\rtf1\ansi\ansicpg936\cocoartf1348\cocoasubrtf170
{\fonttbl\f0\fnil\fcharset0 FZLTHJW--GB1-0;}
{\colortbl;\red255\green255\blue255;}
\pard\tx560\tx1120\tx1680\tx2240\tx2800\tx3360\tx3920\tx4480\tx5040\tx5600\tx6160\tx6720\pardirnatural

\f0\fs28 \cf0 \uc0\u25552 \u20379  uid \u21644 \u31614 \u21517 \u20316 \u20026 \u21807 \u19968 \u35782 \u21035 \u30721 }</string>
						</dict>
					</dict>
					<dict>
						<key>contentAlignment</key>
						<integer>1</integer>
						<key>fillColor</key>
						<string>{1.000, 1.000, 1.000, 1.000}</string>
						<key>isDecreasingBranchThickness</key>
						<true/>
						<key>isDrawingFill</key>
						<false/>
						<key>isLeftAligned</key>
						<true/>
						<key>location</key>
						<string>{-205.13671875, -11.1328125}</string>
						<key>nodeID</key>
						<string>A6A8634D-6344-4CD0-8969-244EDF25D284</string>
						<key>strokeColor</key>
						<string>{0.800, 0.400, 1.000, 1.000}</string>
						<key>strokeStyle</key>
						<integer>0</integer>
						<key>strokeWidth</key>
						<real>6</real>
						<key>subnodes</key>
						<array/>
						<key>title</key>
						<dict>
							<key>constrainedWidth</key>
							<integer>300</integer>
							<key>htmlText</key>
							<string>&lt;p style='color: rgba(0, 0, 0, 1.000000); font: 14px "FZLanTingHeiS-R-GB"; -cocoa-font-postscriptname: "FZLTHJW--GB1-0"; '&gt;内部做一对多绑定&lt;/p&gt;</string>
							<key>shrinkToFitContent</key>
							<integer>1</integer>
							<key>text</key>
							<string>{\rtf1\ansi\ansicpg936\cocoartf1348\cocoasubrtf170
{\fonttbl\f0\fnil\fcharset0 FZLTHJW--GB1-0;}
{\colortbl;\red255\green255\blue255;}
\pard\tx560\tx1120\tx1680\tx2240\tx2800\tx3360\tx3920\tx4480\tx5040\tx5600\tx6160\tx6720\pardirnatural

\f0\fs28 \cf0 \uc0\u20869 \u37096 \u20570 \u19968 \u23545 \u22810 \u32465 \u23450 }</string>
						</dict>
					</dict>
					<dict>
						<key>contentAlignment</key>
						<integer>1</integer>
						<key>fillColor</key>
						<string>{1.000, 1.000, 1.000, 1.000}</string>
						<key>isDecreasingBranchThickness</key>
						<true/>
						<key>isDrawingFill</key>
						<false/>
						<key>isLeftAligned</key>
						<false/>
						<key>location</key>
						<string>{201.28515625, 127.3359375}</string>
						<key>nodeID</key>
						<string>85FB72AF-DEDC-4177-87AD-77AC8E65F3A3</string>
						<key>strokeColor</key>
						<string>{1.000, 0.900, 0.500, 1.000}</string>
						<key>strokeStyle</key>
						<integer>0</integer>
						<key>strokeWidth</key>
						<real>6</real>
						<key>subnodes</key>
						<array/>
						<key>title</key>
						<dict>
							<key>constrainedWidth</key>
							<integer>300</integer>
							<key>htmlText</key>
							<string>&lt;p style='color: rgba(0, 0, 0, 1.000000); font: 14px "FZLanTingHeiS-R-GB"; -cocoa-font-postscriptname: "FZLTHJW--GB1-0"; '&gt;包含 user (唯一) + account (多个) 数据结构&lt;/p&gt;</string>
							<key>shrinkToFitContent</key>
							<integer>1</integer>
							<key>text</key>
							<string>{\rtf1\ansi\ansicpg936\cocoartf1348\cocoasubrtf170
{\fonttbl\f0\fnil\fcharset0 FZLTHJW--GB1-0;}
{\colortbl;\red255\green255\blue255;}
\pard\tx560\tx1120\tx1680\tx2240\tx2800\tx3360\tx3920\tx4480\tx5040\tx5600\tx6160\tx6720\pardirnatural

\f0\fs28 \cf0 \uc0\u21253 \u21547  user (\u21807 \u19968 ) + account (\u22810 \u20010 ) \u25968 \u25454 \u32467 \u26500 }</string>
						</dict>
					</dict>
				</array>
				<key>title</key>
				<dict>
					<key>constrainedWidth</key>
					<integer>300</integer>
					<key>htmlText</key>
					<string>&lt;p style='color: rgba(0, 0, 0, 1.000000); font: 14px "FZLanTingHeiS-R-GB"; -cocoa-font-postscriptname: "FZLTHJW--GB1-0"; '&gt;账号服务&lt;/p&gt;</string>
					<key>shrinkToFitContent</key>
					<integer>1</integer>
					<key>text</key>
					<string>{\rtf1\ansi\ansicpg936\cocoartf1348\cocoasubrtf170
{\fonttbl\f0\fnil\fcharset0 FZLTHJW--GB1-0;}
{\colortbl;\red255\green255\blue255;}
\pard\tx560\tx1120\tx1680\tx2240\tx2800\tx3360\tx3920\tx4480\tx5040\tx5600\tx6160\tx6720\pardirnatural

\f0\fs28 \cf0 \uc0\u36134 \u21495 \u26381 \u21153 }</string>
				</dict>
			</dict>
			<dict>
				<key>contentAlignment</key>
				<integer>1</integer>
				<key>fillColor</key>
				<string>{1.000, 1.000, 1.000, 1.000}</string>
				<key>isDecreasingBranchThickness</key>
				<true/>
				<key>isDrawingFill</key>
				<true/>
				<key>isLeftAligned</key>
				<false/>
				<key>location</key>
				<string>{45.77734375, 308.90234375}</string>
				<key>nodeID</key>
				<string>5B0F4ACE-4433-4DE7-A603-27C2BD1E8083</string>
				<key>strokeColor</key>
				<string>{0.500, 0.500, 0.500, 1.000}</string>
				<key>strokeStyle</key>
				<integer>0</integer>
				<key>strokeWidth</key>
				<real>2</real>
				<key>subnodes</key>
				<array>
					<dict>
						<key>contentAlignment</key>
						<integer>1</integer>
						<key>fillColor</key>
						<string>{1.000, 1.000, 1.000, 1.000}</string>
						<key>isDecreasingBranchThickness</key>
						<true/>
						<key>isDrawingFill</key>
						<false/>
						<key>isLeftAligned</key>
						<false/>
						<key>location</key>
						<string>{231.3359375, 256.546875}</string>
						<key>nodeID</key>
						<string>C0BF5A76-AF5A-4F12-BC11-39005A46E3E2</string>
						<key>strokeColor</key>
						<string>{1.000, 0.800, 0.400, 1.000}</string>
						<key>strokeStyle</key>
						<integer>0</integer>
						<key>strokeWidth</key>
						<real>6</real>
						<key>subnodes</key>
						<array/>
						<key>title</key>
						<dict>
							<key>constrainedWidth</key>
							<integer>300</integer>
							<key>htmlText</key>
							<string>&lt;p style='color: rgba(0, 0, 0, 1.000000); font: 14px "FZLanTingHeiS-R-GB"; -cocoa-font-postscriptname: "FZLTHJW--GB1-0"; '&gt;通过 id 和签名抓取账号服务中 user 信息&lt;/p&gt;</string>
							<key>shrinkToFitContent</key>
							<integer>1</integer>
							<key>text</key>
							<string>{\rtf1\ansi\ansicpg936\cocoartf1348\cocoasubrtf170
{\fonttbl\f0\fnil\fcharset0 FZLTHJW--GB1-0;}
{\colortbl;\red255\green255\blue255;}
\pard\tx560\tx1120\tx1680\tx2240\tx2800\tx3360\tx3920\tx4480\tx5040\tx5600\tx6160\tx6720\pardirnatural

\f0\fs28 \cf0 \uc0\u36890 \u36807  id \u21644 \u31614 \u21517 \u25235 \u21462 \u36134 \u21495 \u26381 \u21153 \u20013  user \u20449 \u24687 }</string>
						</dict>
					</dict>
					<dict>
						<key>contentAlignment</key>
						<integer>1</integer>
						<key>fillColor</key>
						<string>{1.000, 1.000, 1.000, 1.000}</string>
						<key>isDecreasingBranchThickness</key>
						<true/>
						<key>isDrawingFill</key>
						<false/>
						<key>isLeftAligned</key>
						<false/>
						<key>location</key>
						<string>{232.85546875, 359.7734375}</string>
						<key>nodeID</key>
						<string>0EA9546E-1A4D-43F3-A5EE-35D1187ECEB0</string>
						<key>strokeColor</key>
						<string>{0.800, 1.000, 0.400, 1.000}</string>
						<key>strokeStyle</key>
						<integer>0</integer>
						<key>strokeWidth</key>
						<real>6</real>
						<key>subnodes</key>
						<array/>
						<key>title</key>
						<dict>
							<key>constrainedWidth</key>
							<integer>300</integer>
							<key>htmlText</key>
							<string>&lt;p style='color: rgba(0, 0, 0, 1.000000); font: 14px "FZLanTingHeiS-R-GB"; -cocoa-font-postscriptname: "FZLTHJW--GB1-0"; '&gt;与 Account 唯一账号绑定&lt;/p&gt;</string>
							<key>shrinkToFitContent</key>
							<integer>1</integer>
							<key>text</key>
							<string>{\rtf1\ansi\ansicpg936\cocoartf1348\cocoasubrtf170
{\fonttbl\f0\fnil\fcharset0 FZLTHJW--GB1-0;}
{\colortbl;\red255\green255\blue255;}
\pard\tx560\tx1120\tx1680\tx2240\tx2800\tx3360\tx3920\tx4480\tx5040\tx5600\tx6160\tx6720\pardirnatural

\f0\fs28 \cf0 \uc0\u19982  Account \u21807 \u19968 \u36134 \u21495 \u32465 \u23450 }</string>
						</dict>
					</dict>
				</array>
				<key>title</key>
				<dict>
					<key>constrainedWidth</key>
					<integer>300</integer>
					<key>htmlText</key>
					<string>&lt;p style='color: rgba(0, 0, 0, 1.000000); font: 14px "FZLanTingHeiS-R-GB"; -cocoa-font-postscriptname: "FZLTHJW--GB1-0"; '&gt;API 服务&lt;/p&gt;</string>
					<key>shrinkToFitContent</key>
					<integer>1</integer>
					<key>text</key>
					<string>{\rtf1\ansi\ansicpg936\cocoartf1348\cocoasubrtf170
{\fonttbl\f0\fnil\fcharset0 FZLTHJW--GB1-0;}
{\colortbl;\red255\green255\blue255;}
\pard\tx560\tx1120\tx1680\tx2240\tx2800\tx3360\tx3920\tx4480\tx5040\tx5600\tx6160\tx6720\pardirnatural

\f0\fs28 \cf0 API \uc0\u26381 \u21153 }</string>
				</dict>
			</dict>
			<dict>
				<key>contentAlignment</key>
				<integer>1</integer>
				<key>fillColor</key>
				<string>{1.000, 1.000, 1.000, 1.000}</string>
				<key>isDecreasingBranchThickness</key>
				<true/>
				<key>isDrawingFill</key>
				<true/>
				<key>isLeftAligned</key>
				<false/>
				<key>location</key>
				<string>{-404.7265625, 319.44921875}</string>
				<key>nodeID</key>
				<string>F3360F55-50CA-47C3-B2FC-6EED9AAC454F</string>
				<key>strokeColor</key>
				<string>{0.500, 0.500, 0.500, 1.000}</string>
				<key>strokeStyle</key>
				<integer>0</integer>
				<key>strokeWidth</key>
				<real>2</real>
				<key>subnodes</key>
				<array/>
				<key>title</key>
				<dict>
					<key>constrainedWidth</key>
					<integer>300</integer>
					<key>htmlText</key>
					<string>&lt;p style='color: rgba(0, 0, 0, 1.000000); font: 14px "FZLanTingHeiS-R-GB"; -cocoa-font-postscriptname: "FZLTHJW--GB1-0"; '&gt;Account与User的关系，一个 User 对应多个 Account（Teambition/微信）&lt;/p&gt;</string>
					<key>shrinkToFitContent</key>
					<integer>1</integer>
					<key>text</key>
					<string>{\rtf1\ansi\ansicpg936\cocoartf1348\cocoasubrtf170
{\fonttbl\f0\fnil\fcharset0 FZLTHJW--GB1-0;}
{\colortbl;\red255\green255\blue255;}
\pard\tx560\tx1120\tx1680\tx2240\tx2800\tx3360\tx3920\tx4480\tx5040\tx5600\tx6160\tx6720\pardirnatural

\f0\fs28 \cf0 Account\uc0\u19982 User\u30340 \u20851 \u31995 \u65292 \u19968 \u20010  User \u23545 \u24212 \u22810 \u20010  Account\u65288 Teambition/\u24494 \u20449 \u65289 }</string>
				</dict>
			</dict>
			<dict>
				<key>contentAlignment</key>
				<integer>1</integer>
				<key>fillColor</key>
				<string>{1.000, 1.000, 1.000, 1.000}</string>
				<key>isDecreasingBranchThickness</key>
				<true/>
				<key>isDrawingFill</key>
				<true/>
				<key>isLeftAligned</key>
				<false/>
				<key>location</key>
				<string>{745.078125, 84.39453125}</string>
				<key>nodeID</key>
				<string>EB28DF43-5964-428C-BBD3-189621D0D060</string>
				<key>strokeColor</key>
				<string>{0.500, 0.500, 0.500, 1.000}</string>
				<key>strokeStyle</key>
				<integer>0</integer>
				<key>strokeWidth</key>
				<real>2</real>
				<key>subnodes</key>
				<array>
					<dict>
						<key>contentAlignment</key>
						<integer>1</integer>
						<key>fillColor</key>
						<string>{1.000, 1.000, 1.000, 1.000}</string>
						<key>isDecreasingBranchThickness</key>
						<true/>
						<key>isDrawingFill</key>
						<false/>
						<key>isLeftAligned</key>
						<false/>
						<key>location</key>
						<string>{852.4296875, -80.6796875}</string>
						<key>nodeID</key>
						<string>5F6483D8-24A0-4A35-8E25-30D1F4D79717</string>
						<key>strokeColor</key>
						<string>{1.000, 0.800, 0.400, 1.000}</string>
						<key>strokeStyle</key>
						<integer>0</integer>
						<key>strokeWidth</key>
						<real>6</real>
						<key>subnodes</key>
						<array/>
						<key>title</key>
						<dict>
							<key>constrainedWidth</key>
							<integer>300</integer>
							<key>htmlText</key>
							<string>&lt;p style='color: rgba(0, 0, 0, 1.000000); font: 14px "FZLanTingHeiS-R-GB"; -cocoa-font-postscriptname: "FZLTHJW--GB1-0"; '&gt;手机验证码 user+mobile&lt;/p&gt;</string>
							<key>shrinkToFitContent</key>
							<integer>1</integer>
							<key>text</key>
							<string>{\rtf1\ansi\ansicpg936\cocoartf1348\cocoasubrtf170
{\fonttbl\f0\fnil\fcharset0 FZLTHJW--GB1-0;}
{\colortbl;\red255\green255\blue255;}
\pard\tx560\tx1120\tx1680\tx2240\tx2800\tx3360\tx3920\tx4480\tx5040\tx5600\tx6160\tx6720\pardirnatural

\f0\fs28 \cf0 \uc0\u25163 \u26426 \u39564 \u35777 \u30721  user+mobile}</string>
						</dict>
					</dict>
					<dict>
						<key>contentAlignment</key>
						<integer>1</integer>
						<key>fillColor</key>
						<string>{1.000, 1.000, 1.000, 1.000}</string>
						<key>isDecreasingBranchThickness</key>
						<true/>
						<key>isDrawingFill</key>
						<false/>
						<key>isLeftAligned</key>
						<false/>
						<key>location</key>
						<string>{889.296875, -16.3671875}</string>
						<key>nodeID</key>
						<string>4D0EEE40-1099-4078-BB3A-C59C810CCB7A</string>
						<key>strokeColor</key>
						<string>{0.800, 1.000, 0.400, 1.000}</string>
						<key>strokeStyle</key>
						<integer>0</integer>
						<key>strokeWidth</key>
						<real>6</real>
						<key>subnodes</key>
						<array/>
						<key>title</key>
						<dict>
							<key>constrainedWidth</key>
							<integer>300</integer>
							<key>htmlText</key>
							<string>&lt;p style='color: rgba(0, 0, 0, 1.000000); font: 14px "FZLanTingHeiS-R-GB"; -cocoa-font-postscriptname: "FZLTHJW--GB1-0"; '&gt;Teambition 账号登录&lt;/p&gt;</string>
							<key>shrinkToFitContent</key>
							<integer>1</integer>
							<key>text</key>
							<string>{\rtf1\ansi\ansicpg936\cocoartf1348\cocoasubrtf170
{\fonttbl\f0\fnil\fcharset0 FZLTHJW--GB1-0;}
{\colortbl;\red255\green255\blue255;}
\pard\tx560\tx1120\tx1680\tx2240\tx2800\tx3360\tx3920\tx4480\tx5040\tx5600\tx6160\tx6720\pardirnatural

\f0\fs28 \cf0 Teambition \uc0\u36134 \u21495 \u30331 \u24405 }</string>
						</dict>
					</dict>
					<dict>
						<key>contentAlignment</key>
						<integer>1</integer>
						<key>fillColor</key>
						<string>{1.000, 1.000, 1.000, 1.000}</string>
						<key>isDecreasingBranchThickness</key>
						<true/>
						<key>isDrawingFill</key>
						<false/>
						<key>isLeftAligned</key>
						<false/>
						<key>location</key>
						<string>{920.9453125, 47.21875}</string>
						<key>nodeID</key>
						<string>71762117-4A2E-4D61-A7A6-2B9DA8D27274</string>
						<key>strokeColor</key>
						<string>{0.400, 1.000, 0.800, 1.000}</string>
						<key>strokeStyle</key>
						<integer>0</integer>
						<key>strokeWidth</key>
						<real>6</real>
						<key>subnodes</key>
						<array/>
						<key>title</key>
						<dict>
							<key>constrainedWidth</key>
							<integer>300</integer>
							<key>htmlText</key>
							<string>&lt;p style='color: rgba(0, 0, 0, 1.000000); font: 14px "FZLanTingHeiS-R-GB"; -cocoa-font-postscriptname: "FZLTHJW--GB1-0"; '&gt;微信账号登录&lt;/p&gt;</string>
							<key>shrinkToFitContent</key>
							<integer>1</integer>
							<key>text</key>
							<string>{\rtf1\ansi\ansicpg936\cocoartf1348\cocoasubrtf170
{\fonttbl\f0\fnil\fcharset0 FZLTHJW--GB1-0;}
{\colortbl;\red255\green255\blue255;}
\pard\tx560\tx1120\tx1680\tx2240\tx2800\tx3360\tx3920\tx4480\tx5040\tx5600\tx6160\tx6720\pardirnatural

\f0\fs28 \cf0 \uc0\u24494 \u20449 \u36134 \u21495 \u30331 \u24405 }</string>
						</dict>
					</dict>
				</array>
				<key>title</key>
				<dict>
					<key>constrainedWidth</key>
					<integer>300</integer>
					<key>htmlText</key>
					<string>&lt;p style='color: rgba(0, 0, 0, 1.000000); font: 14px "FZLanTingHeiS-R-GB"; -cocoa-font-postscriptname: "FZLTHJW--GB1-0"; '&gt;登录方式&lt;/p&gt;</string>
					<key>shrinkToFitContent</key>
					<integer>1</integer>
					<key>text</key>
					<string>{\rtf1\ansi\ansicpg936\cocoartf1348\cocoasubrtf170
{\fonttbl\f0\fnil\fcharset0 FZLTHJW--GB1-0;}
{\colortbl;\red255\green255\blue255;}
\pard\tx560\tx1120\tx1680\tx2240\tx2800\tx3360\tx3920\tx4480\tx5040\tx5600\tx6160\tx6720\pardirnatural

\f0\fs28 \cf0 \uc0\u30331 \u24405 \u26041 \u24335 }</string>
				</dict>
			</dict>
		</array>
	</dict>
	<key>printInfo</key>
	<data>
	BAtzdHJlYW10eXBlZIHoA4QBQISEhAtOU1ByaW50SW5mbwGEhAhOU09iamVjdACFkoSE
	hBNOU011dGFibGVEaWN0aW9uYXJ5AISEDE5TRGljdGlvbmFyeQCUhAFpCJKEhIQITlNT
	dHJpbmcBlIQBKxZOU0hvcml6b250YWxseUNlbnRlcmVkhpKEhIQITlNOdW1iZXIAhIQH
	TlNWYWx1ZQCUhAEqhIQBY50BhpKEmZkNTlNSaWdodE1hcmdpboaShJuchIQBZp5IhpKE
	mZkMTlNMZWZ0TWFyZ2luhpKEm5ygnkiGkoSZmRVOU0hvcml6b25hbFBhZ2luYXRpb26G
	koSbnISXlwKGkoSZmRROU1ZlcnRpY2FsUGFnaW5hdGlvboaShJucpZcAhpKEmZkUTlNW
	ZXJ0aWNhbGx5Q2VudGVyZWSGkpqShJmZC05TVG9wTWFyZ2luhpKEm5ygnlqGkoSZmQ5O
	U0JvdHRvbU1hcmdpboaShJucoJ5ahoaG
	</data>
	<key>title</key>
	<string>账号服务</string>
	<key>version</key>
	<integer>4</integer>
</dict>
</plist>
